ATC_OLD,ATC_NEW,YEAR_RENAME
A01AD02,R02AX03,2018
A03AE02,A06AX06,2013
A03AE04,A06AX05,2013
A10BX04,A10BJ01,2017
A10BX07,A10BJ02,2017
A10BX09,A10BK01,2017
A10BX10,A10BJ03,2017
A10BX11,A10BK02,2017
A10BX12,A10BK03,2017
A10BX13,A10BJ04,2017
A10BX14,A10BJ05,2017
A11CC07,H05BX02,2010
A12AA12,V03AE07,2016
B01AC14,L01XX35,2006
B01AX06,B01AF01,2013
B02AB03,B06AC01,2012
B02BC10,B02BC30,2014
B02BD09,B02BD04,2017
B02BD12,B02BD04,2017
B03AB06,V03AE08,2016
B03AC01,B03AC,2014
B03AC02,B03AC,2014
B03AC03,B03AC,2014
B03AC05,B03AC,2014
B03AC06,B03AC,2014
B03AC07,B03AC,2014
B06AA11,D03BA03,2014
C01EB12,C01BD06,2009
C01EB19,B06AC02,2012
C04AX13,N04BC08,2006
C07AA57,C07FX02,2017
C07AB52,C07FX03,2017
C07AB57,C07FX04,2017
C07FA05,C07FX01,2017
C07FB02,C07FB02,2017
C07FB02,C07FB13,2017
C10AA51,C10BX01,2006
C10AA52,C10BA01,2006
C10AA53,C10BX02,2006
C10AA55,C10BX03,2006
C10AX04,A10BX06,2009
D03AX07,C05AE01,2008
D03AX08,C05AE02,2008
D11AX14,D11AH01,2010
D11AX15,D11AH02,2010
D11AX17,D11AH03,2010
D11AX19,D11AH04,2012
G03AC03,G03AD01,2011
G03DC05,G03CX01,2008
G04BE05,V03AB36,2011
H01BA06,H01BA01,2018
H01CA03,L02AE05,2013
J01DA01,J01DB01,2005
J01DA02,J01DB02,2005
J01DA03,J01DB03,2005
J01DA04,J01DB04,2005
J01DA05,J01DC01,2005
J01DA06,J01DC02,2005
J01DA07,J01DC03,2005
J01DA08,J01DC04,2005
J01DA09,J01DB05,2005
J01DA10,J01DD01,2005
J01DA11,J01DD02,2005
J01DA12,J01DD03,2005
J01DA13,J01DD04,2005
J01DA14,J01DC05,2005
J01DA15,J01DB06,2005
J01DA16,J01DD05,2005
J01DA17,J01DC06,2005
J01DA18,J01DD06,2005
J01DA19,J01DC07,2005
J01DA21,J01DB07,2005
J01DA22,J01DD07,2005
J01DA23,J01DD08,2005
J01DA24,J01DE01,2005
J01DA25,J01DD09,2005
J01DA26,J01DD10,2005
J01DA27,J01DD11,2005
J01DA30,J01DB08,2005
J01DA31,J01DB09,2005
J01DA32,J01DD12,2005
J01DA33,J01DD13,2005
J01DA34,J01DB10,2005
J01DA35,J01DB11,2005
J01DA36,J01DB12,2005
J01DA37,J01DE02,2005
J01DA38,J01DC08,2005
J01DA39,J01DD14,2005
J01DA40,J01DC09,2005
J01DA41,J01DC10,2005
J01DA42,J01DD15,2005
J01DA63,J01DD54,2005
J01DD54,J01DD63,2018
J05AB04,J05AP01,2018
J05AB54,L03AB60,2007
J05AE06,J05AR10,2013
J05AE11,J05AP02,2018
J05AE12,J05AP03,2018
J05AE13,J05AP04,2018
J05AE14,J05AP05,2018
J05AE15,J05AP06,2018
J05AF30,J05AR,2007
J05AX08,J05AJ01,2021
J05AX11,J05AJ02,2021
J05AX12,J05AJ03,2021
J05AX14,J05AP07,2018
J05AX15,J05AP08,2018
J05AX16,J05AP09,2018
J05AX65,J05AP51,2018
J05AX66,J05AP52,2018
J05AX67,J05AP53,2018
J05AX68,J05AP54,2018
J05AX69,J05AP55,2018
J06BB16,J06BD01,2022
J06BB17,J06BD02,2022
J06BB18,J06BC02,2022
J06BB21,J06BC03,2022
J06BB22,J06BC04,2022
L01BA01,L04AX03,2017
L01EX16,L01EN01,2022
L01EX20,L01EN02,2022
L01XC01,L01FX01,2022
L01XC02,L01FA01,2022
L01XC03,L01FD01,2022
L01XC04,L04AA34,2015
L01XC05,L01FX02,2022
L01XC06,L01FE01,2022
L01XC07,L01FG01,2022
L01XC08,L01FE02,2022
L01XC09,L01FX03,2022
L01XC10,L01FA02,2022
L01XC11,L01FX04,2022
L01XC12,L01FX05,2022
L01XC13,L01FD02,2022
L01XC14,L01FD03,2022
L01XC15,L01FA03,2022
L01XC16,L01FX06,2022
L01XC17,L01FF01,2022
L01XC18,L01FF02,2022
L01XC19,L01FX07,2022
L01XC21,L01FG02,2022
L01XC22,L01FE03,2022
L01XC23,L01FX08,2022
L01XC24,L01FC01,2022
L01XC25,L01FX09,2022
L01XC26,L01FB01,2022
L01XC27,L01FX10,2022
L01XC28,L01FF03,2022
L01XC29,L01FX11,2022
L01XC31,L01FF04,2022
L01XC32,L01FF05,2022
L01XC33,L01FF06,2022
L01XC34,L01FB02,2022
L01XC35,L01FX12,2022
L01XC36,L01FX13,2022
L01XC37,L01FX14,2022
L01XC38,L01FC02,2022
L01XC39,L01FX15,2022
L01XC40,L01FF07,2022
L01XC41,L01FD04,2022
L01XC42,L01FF08,2022
L01XD02,S01LA01,2007
L01XE01,L01EA01,2021
L01XE02,L01EB01,2021
L01XE03,L01EB02,2021
L01XE04,L01EX01,2021
L01XE05,L01EX02,2021
L01XE06,L01EA02,2021
L01XE07,L01EH01,2021
L01XE08,L01EA03,2021
L01XE09,L01EG01,2021
L01XE10,L01EG02,2021
L01XE11,L01EX03,2021
L01XE12,L01EX04,2021
L01XE13,L01EB03,2021
L01XE14,L01EA04,2021
L01XE15,L01EC01,2021
L01XE16,L01ED01,2021
L01XE17,L01EK01,2021
L01XE18,L01EJ01,2021
L01XE19,L01EG03,2021
L01XE21,L01EX05,2021
L01XE22,L01EX06,2021
L01XE23,L01EC02,2021
L01XE24,L01EA05,2021
L01XE25,L01EE01,2021
L01XE26,L01EX07,2021
L01XE27,L01EL01,2021
L01XE28,L01ED02,2021
L01XE29,L01EX08,2021
L01XE31,L01EX09,2021
L01XE32,L01EK02,2021
L01XE33,L01EF01,2021
L01XE34,L01EK03,2021
L01XE35,L01EB04,2021
L01XE36,L01ED03,2021
L01XE37,L01EB05,2021
L01XE38,L01EE02,2021
L01XE39,L01EX10,2021
L01XE40,L01EB06,2021
L01XE41,L01EE03,2021
L01XE42,L01EF02,2021
L01XE43,L01ED04,2021
L01XE44,L01ED05,2021
L01XE45,L01EH02,2021
L01XE46,L01EC03,2021
L01XE47,L01EB07,2021
L01XE48,L01EB08,2021
L01XE50,L01EF03,2021
L01XE51,L01EL02,2021
L01XE52,L01EX11,2021
L01XE53,L01EX12,2021
L01XE54,L01EX13,2021
L01XE56,L01EX14,2021
L01XE57,L01EJ02,2021
L01XX09,P01CX04,2020
L01XX14,L01XF01,2021
L01XX17,L01CE01,2021
L01XX19,L01CE02,2021
L01XX22,L01XF02,2021
L01XX25,L01XF03,2021
L01XX28,L01XE01,2007
L01XX31,L01XE02,2007
L01XX32,L01XG01,2021
L01XX34,L01XE03,2007
L01XX37,L01XL01,2023
L01XX38,L01XH01,2021
L01XX39,L01XH02,2021
L01XX42,L01XH03,2021
L01XX43,L01XJ01,2021
L01XX45,L01XG02,2021
L01XX46,L01XK01,2021
L01XX47,L01EM01,2021
L01XX48,L01XJ02,2021
L01XX49,L01XH04,2021
L01XX50,L01XG03,2021
L01XX51,L01XL02,2023
L01XX54,L01XK02,2021
L01XX55,L01XK03,2021
L01XX56,L01CE03,2021
L01XX59,L01XM01,2025
L01XX60,L01XK04,2021
L01XX61,L01EM02,2021
L01XX62,L01XM02,2025
L01XX63,L01XJ03,2021
L01XX64,L01XH05,2021
L01XX65,L01EM03,2021
L01XX68,L01CE04,2021
L01XX70,L01XL03,2023
L01XX71,L01XL04,2023
L01XY02,L01FY01,2024
L01XY03,L01FY02,2024
L04AA01,L04AD01,2008
L04AA02,L04AG01,2024
L04AA05,L04AD02,2008
L04AA08,L04AC01,2008
L04AA09,L04AC02,2008
L04AA10,L04AH01,2024
L04AA11,L04AB01,2008
L04AA12,L04AB02,2008
L04AA13,L04AK01,2024
L04AA14,L04AC03,2008
L04AA16,L04AB03,2008
L04AA17,L04AB04,2008
L04AA18,L04AH02,2024
L04AA21,L04AG02,2024
L04AA23,L04AG03,2024
L04AA25,L04AJ01,2024
L04AA26,L04AG04,2024
L04AA27,L04AE01,2024
L04AA29,L04AF01,2024
L04AA31,L04AK02,2024
L04AA33,L04AG05,2024
L04AA34,L04AG06,2024
L04AA35,L04AG07,2024
L04AA36,L04AG08,2024
L04AA37,L04AF02,2024
L04AA38,L04AE02,2024
L04AA39,L04AG09,2024
L04AA42,L04AE03,2024
L04AA43,L04AJ02,2024
L04AA44,L04AF03,2024
L04AA45,L04AF04,2024
L04AA46,L04AF05,2024
L04AA47,L04AG10,2024
L04AA49,L04AF06,2024
L04AA50,L04AE04,2024
L04AA51,L04AG11,2024
L04AA52,L04AG12,2024
L04AA53,L04AG13,2024
L04AA54,L04AJ03,2024
L04AA55,L04AJ04,2024
L04AA56,L04AF07,2024
L04AA57,L04AG14,2024
L04AA59,L04AJ05,2024
L04AC06,R03DX09,2017
M01AE51,N02AJ03,2017
M01AE51,N02AJ08,2017
N01AB03,N02BG09,2009
N01AX01,N05AD08,2013
N02AA09,N07BC06,2013
N02AA55,N02AJ17,2017
N02AA55,N02AJ18,2017
N02AA55,N02AJ19,2017
N02AA58,N02AJ01,2017
N02AA58,N02AJ02,2017
N02AA58,N02AJ03,2017
N02AA59,N02AJ06,2017
N02AA59,N02AJ07,2017
N02AA59,N02AJ08,2017
N02AA59,N02AJ09,2017
N02AX52,N02AJ13,2017
N02BA51,N02AJ02,2017
N02BA51,N02AJ07,2017
N02BA51,N02AJ18,2017
N02BE51,N02AJ01,2017
N02BE51,N02AJ06,2017
N02BE51,N02AJ09,2017
N02BE51,N02AJ17,2017
N02BG11,N02BF03,2023
N02CX07,N02CD01,2020
N02CX08,N02CD02,2020
N03AX12,N02BF01,2023
N03AX16,N02BF02,2023
N05AK01,N07XX06,2008
N05AX09,N05AH06,2010
N05CM17,N05CH01,2008
N05CM19,N05CJ01,2024
N05CM21,N05CJ02,2024
N07BA02,N06AX12,2009
N07XX09,L04AX07,2019
P01BE52,P01BF01,2011
R03AK03,R03AL01,2014
R03AK04,R03AL02,2014
R03AK07,R03AK08,2014
R03AK07,R03AK09,2014
R03CA02,C01CA26,2011
R05CB12,G04BX16,2017
S01AX11,S01AE01,2013
S01AX12,S01AE02,2013
S01AX13,S01AE03,2013
S01AX17,S01AE04,2013
S01AX19,S01AE05,2013
S01AX21,S01AE06,2013
S01AX22,S01AE07,2013
S01AX23,S01AE08,2013
S01XA16,S01LA02,2007
S01XA17,S01LA03,2007
V09AX02,V09IX04,2005
